Year,week,Temperature,Relative Temperature,Wind,Rel. humidity,Dew Point,Pressure,Daily minimum temperature,Daily maximum temperature,Clear,FogRain,FogSnowfall,FogSnowfallRain,FogThunderstormRain,HailFogThunderstormRain,Rain,Snowfall,SnowfallRain,Thunderstorm,ThunderstormRain,ThunderstormSnowfallRain
2012,1,-5.290909090909091,-8.163636363636364,8.436363636363636,0.5706060606060607,-13.054545454545455,1027.878787878788,-10.142857142857142,-0.2857142857142857,6,0,0,0,0,0,0,1,0,0,0,0
2012,2,-3.8275862068965516,-5.9655172413793105,7.43448275862069,0.5688965517241379,-11.73103448275862,1028.5655172413792,-9.142857142857142,1.2857142857142858,6,0,0,0,0,0,0,1,0,0,0,0
2012,3,0.04294478527607362,-2.460122699386503,8.214723926380367,0.5288343558282209,-8.94478527607362,1021.9141104294479,-5.0,5.571428571428571,4,0,0,0,0,0,2,0,1,0,0,0
2012,4,-5.927272727272728,-10.296969696969697,11.593939393939394,0.41484848484848486,-18.024242424242424,1025.2787878787879,-10.428571428571429,-0.8571428571428571,4,0,0,0,0,0,0,3,0,0,0,0
2012,5,-8.254658385093167,-12.819875776397515,11.652173913043478,0.4175776397515528,-20.18633540372671,1027.329192546584,-14.571428571428571,-2.857142857142857,5,0,0,0,0,0,0,1,1,0,0,0
2012,6,-4.871951219512195,-8.00609756097561,9.914634146341463,0.4627439024390244,-15.621951219512194,1023.7682926829268,-10.571428571428571,0.42857142857142855,5,0,0,0,0,0,0,1,1,0,0,0
2012,7,-2.4634146341463414,-5.932926829268292,11.50609756097561,0.3629268292682927,-16.871951219512194,1024.9573170731708,-7.857142857142857,3.0,7,0,0,0,0,0,0,0,0,0,0,0
2012,8,0.4727272727272727,-2.0303030303030303,10.327272727272728,0.5552121212121212,-8.26060606060606,1020.7636363636364,-4.142857142857143,6.571428571428571,6,0,0,0,0,0,1,0,0,0,0,0
2012,9,2.44311377245509,0.2215568862275449,9.377245508982035,0.38892215568862276,-11.8562874251497,1022.5928143712575,-2.142857142857143,8.428571428571429,6,0,0,0,0,0,1,0,0,0,0,0
2012,10,3.4294871794871793,0.36538461538461536,13.878205128205128,0.5495512820512821,-5.397435897435898,1018.8589743589744,-0.7142857142857143,7.428571428571429,3,0,0,0,0,0,3,1,0,0,0,0
2012,11,2.8132530120481927,0.1927710843373494,12.439759036144578,0.5230722891566265,-7.192771084337349,1022.2168674698795,-1.2857142857142858,8.428571428571429,6,0,0,0,0,0,1,0,0,0,0,0
2012,12,4.0,1.414012738853503,12.605095541401274,0.5105732484076433,-6.477707006369426,1016.9363057324841,-0.42857142857142855,8.571428571428571,4,0,0,0,0,0,2,1,0,0,0,0
2012,13,6.621951219512195,4.536585365853658,13.408536585365853,0.5190853658536585,-3.8292682926829267,1019.9878048780488,1.8571428571428572,11.857142857142858,6,0,0,0,0,0,1,0,0,0,0,0
2012,14,5.957575757575758,3.618181818181818,15.818181818181818,0.47230303030303034,-5.824242424242424,1014.2666666666667,1.5714285714285714,10.857142857142858,5,0,0,0,0,0,1,0,1,0,0,0
2012,15,10.785714285714286,10.125,11.255952380952381,0.6292261904761904,3.3095238095238093,1013.7083333333334,6.285714285714286,16.571428571428573,6,0,0,0,0,0,1,0,0,0,0,0
2012,16,13.024242424242424,12.751515151515152,10.181818181818182,0.5196969696969697,1.9454545454545455,1015.3030303030303,8.285714285714286,19.142857142857142,5,0,0,0,0,0,2,0,0,0,0,0
2012,17,14.10179640718563,13.502994011976048,14.263473053892216,0.6219161676646706,5.7844311377245505,1008.5868263473054,9.857142857142858,18.714285714285715,4,0,0,0,0,0,3,0,0,0,0,0
2012,18,19.914634146341463,19.664634146341463,10.53048780487805,0.5285365853658537,8.975609756097562,1008.1219512195122,13.142857142857142,26.142857142857142,7,0,0,0,0,0,0,0,0,0,0,0
2012,19,17.672727272727272,17.472727272727273,8.872727272727273,0.4875151515151515,5.539393939393939,1010.8545454545455,12.428571428571429,24.0,7,0,0,0,0,0,0,0,0,0,0,0
2012,20,16.778443113772454,16.634730538922156,8.748502994011975,0.6174251497005988,8.479041916167665,1009.2335329341317,12.571428571428571,21.714285714285715,4,0,0,0,0,0,2,0,0,0,1,0
2012,21,19.862275449101798,19.550898203592816,8.622754491017965,0.5049700598802395,7.958083832335329,1012.6586826347306,14.285714285714286,26.714285714285715,7,0,0,0,0,0,0,0,0,0,0,0
2012,22,20.387878787878787,20.284848484848485,8.848484848484848,0.5959393939393939,11.636363636363637,1015.5454545454545,15.571428571428571,25.285714285714285,4,0,0,0,0,0,2,0,0,0,1,0
2012,23,22.119760479041915,22.065868263473053,8.790419161676647,0.6321556886227544,13.988023952095809,1006.1137724550898,17.714285714285715,27.571428571428573,7,0,0,0,0,0,0,0,0,0,0,0
2012,24,23.273809523809526,23.267857142857142,11.482142857142858,0.6297619047619047,15.392857142857142,1005.1547619047619,19.0,28.714285714285715,7,0,0,0,0,0,0,0,0,0,0,0
2012,25,24.365269461077844,24.38323353293413,9.970059880239521,0.6261676646706587,16.05389221556886,1006.4251497005988,19.857142857142858,30.142857142857142,5,0,0,0,0,0,2,0,0,0,0,0
2012,26,25.239520958083833,25.37125748502994,13.77245508982036,0.5904790419161676,15.89820359281437,1008.2934131736527,20.714285714285715,30.0,5,0,0,0,0,0,2,0,0,0,0,0
2012,27,23.041666666666668,23.529761904761905,8.5,0.8094642857142857,19.38095238095238,1002.6785714285714,20.285714285714285,26.285714285714285,2,0,0,0,0,0,3,0,0,0,2,0
2012,28,24.596385542168676,25.512048192771083,9.620481927710843,0.7743975903614458,20.198795180722893,1001.4457831325301,21.285714285714285,28.428571428571427,2,0,0,0,0,0,4,0,0,0,1,0
2012,29,24.137724550898202,25.275449101796408,9.071856287425149,0.821377245508982,20.7125748502994,1007.5089820359282,21.857142857142858,27.428571428571427,1,0,0,0,0,0,6,0,0,0,0,0
2012,30,27.339285714285715,29.99404761904762,10.476190476190476,0.7704761904761904,22.74404761904762,1010.5178571428571,24.142857142857142,31.285714285714285,6,0,0,0,0,0,1,0,0,0,0,0
2012,31,29.878048780487806,33.49390243902439,12.274390243902438,0.6702439024390244,22.71951219512195,1007.8475609756098,25.714285714285715,34.142857142857146,6,0,0,0,0,0,0,0,0,0,1,0
2012,32,29.170886075949365,32.01898734177215,9.215189873417721,0.6649999999999999,21.867088607594937,1006.3924050632911,25.0,33.57142857142857,4,0,0,0,0,0,3,0,0,0,0,0
2012,33,26.15568862275449,28.101796407185628,10.047904191616766,0.77874251497006,21.718562874251496,1007.1137724550898,23.857142857142858,29.857142857142858,2,0,0,0,0,0,3,0,0,0,2,0
2012,34,24.61904761904762,26.06547619047619,12.678571428571429,0.8133333333333332,21.083333333333332,1010.8214285714286,21.571428571428573,27.571428571428573,1,0,0,0,0,0,3,0,0,0,3,0
2012,35,25.547169811320753,27.031446540880502,15.371069182389936,0.7533333333333333,20.572327044025158,1007.9182389937107,22.428571428571427,28.857142857142858,3,0,0,0,0,0,4,0,0,0,0,0
2012,36,22.115853658536587,22.463414634146343,8.560975609756097,0.7346341463414634,16.725609756097562,1014.6341463414634,18.142857142857142,25.857142857142858,5,0,0,0,0,0,1,0,0,0,1,0
2012,37,20.69090909090909,20.703030303030303,6.993939393939394,0.7311515151515151,15.351515151515152,1013.5454545454545,17.285714285714285,24.571428571428573,5,0,0,0,0,0,2,0,0,0,0,0
2012,38,19.327380952380953,19.321428571428573,9.470238095238095,0.733095238095238,13.976190476190476,1010.3809523809524,15.285714285714286,23.428571428571427,4,1,0,0,0,0,2,0,0,0,0,0
2012,39,20.130434782608695,20.11304347826087,6.956521739130435,0.6747826086956521,13.182608695652174,1017.2347826086957,14.428571428571429,24.142857142857142,6,0,0,0,0,0,0,0,0,0,1,0
2012,48,1.4615384615384615,-0.9230769230769231,10.307692307692308,0.6269230769230769,-5.615384615384615,1024.3846153846155,-3.5714285714285716,5.857142857142857,3,0,0,0,0,0,2,0,1,0,1,0
2012,49,-5.456896551724138,-9.870689655172415,12.586206896551724,0.6114655172413793,-12.327586206896552,1019.9137931034483,-9.714285714285714,-0.14285714285714285,3,0,1,0,0,0,0,2,1,0,0,0
2012,50,-5.237179487179487,-7.801282051282051,6.935897435897436,0.6902564102564103,-10.378205128205128,1024.5448717948718,-9.142857142857142,-0.7142857142857143,5,1,0,0,0,0,1,0,0,0,0,0
2012,51,-3.525,-6.51875,8.71875,0.6670625,-9.15625,1025.2375,-7.857142857142857,-0.2857142857142857,6,0,0,0,0,0,0,1,0,0,0,0
2012,52,-7.21875,-10.65625,8.81875,0.6035625,-14.0375,1028.8125,-12.285714285714286,-4.0,4,0,0,0,0,0,0,3,0,0,0,0
2013,1,-10.4875,-14.25625,9.51875,0.5968125,-17.225,1026.76875,-16.571428571428573,-6.285714285714286,4,0,1,0,0,0,0,2,0,0,0,0
2013,2,-7.192546583850931,-10.049689440993788,7.22360248447205,0.6218633540372671,-13.645962732919255,1027.1739130434783,-12.142857142857142,-2.2857142857142856,6,0,0,0,0,0,0,1,0,0,0,0
2013,3,-4.189873417721519,-6.5886075949367084,6.943037974683544,0.6937974683544305,-9.291139240506329,1026.240506329114,-8.714285714285714,0.5714285714285714,5,0,0,0,0,0,0,2,0,0,0,0
2013,4,-2.0985915492957745,-6.042253521126761,12.17605633802817,0.6302816901408451,-8.753521126760564,1022.3098591549295,-5.285714285714286,0.7142857142857143,3,1,0,0,0,0,2,0,1,0,0,0
2013,5,1.6625766871165644,-0.5398773006134969,8.895705521472392,0.6696932515337423,-4.184049079754601,1025.3496932515338,-3.2857142857142856,4.714285714285714,4,1,0,0,0,0,1,1,0,0,0,0
2013,6,-4.699300699300699,-7.895104895104895,9.055944055944057,0.6908391608391609,-9.951048951048952,1024.1048951048951,-11.0,-2.7142857142857144,4,0,0,1,0,0,0,2,0,0,0,0
2013,7,-3.269662921348315,-5.685393258426966,7.258426966292135,0.6498876404494383,-9.292134831460674,1026.6741573033707,-9.0,0.14285714285714285,7,0,0,0,0,0,0,0,0,0,0,0
2013,8,-1.1688311688311688,-4.363636363636363,11.454545454545455,0.5566233766233766,-9.428571428571429,1027.909090909091,-5.142857142857143,2.0,6,0,0,0,0,0,0,1,0,0,0,0
2013,9,1.8011049723756907,-0.56353591160221,10.359116022099448,0.6475138121546962,-4.911602209944752,1022.2762430939226,-1.8571428571428572,6.142857142857143,5,1,0,0,0,0,1,0,0,0,0,0
2013,10,5.241379310344827,3.4827586206896552,11.120689655172415,0.6351724137931034,-1.867816091954023,1016.3908045977012,-0.2857142857142857,11.285714285714286,6,0,0,0,0,0,1,0,0,0,0,0
2013,11,3.479768786127168,1.0635838150289016,11.76878612716763,0.588150289017341,-4.624277456647399,1021.1676300578034,-1.2857142857142858,8.857142857142858,6,1,0,0,0,0,0,0,0,0,0,0
2013,12,4.080459770114943,2.0114942528735633,10.833333333333334,0.623735632183908,-3.3045977011494254,1012.9137931034483,0.0,9.0,2,0,0,0,0,0,3,0,2,0,0,0
2013,13,3.8819875776397517,1.763975155279503,10.788819875776397,0.4893788819875777,-7.173913043478261,1018.3416149068323,-2.0,10.142857142857142,5,1,0,0,0,0,1,0,0,0,0,0
2013,14,7.4124293785310735,6.2824858757062145,9.101694915254237,0.6702259887005649,0.6497175141242938,1015.2372881355932,3.2857142857142856,13.0,3,1,0,0,0,0,3,0,0,0,0,0
2013,15,6.517441860465116,3.994186046511628,17.930232558139537,0.5290697674418605,-3.1744186046511627,1013.5581395348837,2.142857142857143,11.714285714285714,3,0,0,0,0,0,3,0,1,0,0,0
2013,16,9.775862068965518,8.71264367816092,12.551724137931034,0.5250574712643679,-0.8908045977011494,1010.6781609195402,4.714285714285714,14.285714285714286,4,2,0,0,0,0,1,0,0,0,0,0
2013,17,10.15,9.305555555555555,11.277777777777779,0.6535555555555556,3.1277777777777778,1014.0833333333334,6.285714285714286,15.714285714285714,4,0,0,0,0,0,3,0,0,0,0,0
2013,18,12.98404255319149,12.595744680851064,12.356382978723405,0.6546808510638298,6.159574468085107,1012.9787234042553,7.142857142857143,18.285714285714285,4,0,0,0,0,0,2,0,0,0,1,0
2013,19,15.35754189944134,15.106145251396647,9.59217877094972,0.6356424581005586,7.5251396648044695,1013.7486033519554,11.142857142857142,21.571428571428573,4,0,0,0,0,0,2,0,0,0,1,0
2013,20,19.055944055944057,18.902097902097903,12.587412587412587,0.5559440559440559,9.027972027972028,1011.3006993006993,14.0,24.142857142857142,6,0,0,0,0,0,1,0,0,0,0,0
2013,21,17.312849162011172,17.24581005586592,7.782122905027933,0.7070391061452515,11.078212290502794,1008.659217877095,13.0,24.714285714285715,6,0,0,0,0,0,1,0,0,0,0,0
2013,22,19.238888888888887,19.17222222222222,9.994444444444444,0.7117777777777778,13.244444444444444,1009.5,15.428571428571429,23.142857142857142,3,0,0,0,0,0,4,0,0,0,0,0
2013,23,22.07017543859649,22.13450292397661,7.83625730994152,0.6547953216374269,14.7953216374269,1012.2163742690059,17.428571428571427,27.857142857142858,7,0,0,0,0,0,0,0,0,0,0,0
2013,24,23.397727272727273,23.380681818181817,8.954545454545455,0.6433522727272728,15.443181818181818,1009.3636363636364,19.428571428571427,28.0,4,0,0,0,0,0,3,0,0,0,0,0
2013,25,23.108695652173914,23.41304347826087,7.038043478260869,0.7464130434782609,18.065217391304348,1003.1467391304348,20.0,28.0,3,1,0,0,0,0,3,0,0,0,0,0
2013,26,23.8,24.005714285714287,8.062857142857142,0.6824,17.245714285714286,1005.8571428571429,20.142857142857142,29.142857142857142,6,0,0,0,0,0,1,0,0,0,0,0
2013,27,24.885416666666668,25.729166666666668,11.942708333333334,0.7511458333333333,19.890625,1002.2083333333334,21.714285714285715,29.142857142857142,4,1,0,0,0,0,0,0,0,0,2,0
2013,28,24.36986301369863,25.474885844748858,14.178082191780822,0.8608219178082193,21.84931506849315,1007.3196347031964,23.428571428571427,26.142857142857142,1,0,0,0,0,0,3,0,0,0,3,0
2013,29,26.01675977653631,27.748603351955307,15.58659217877095,0.7945810055865922,22.039106145251395,1008.8826815642458,24.142857142857142,28.428571428571427,1,0,0,0,0,0,3,0,0,0,3,0
2013,30,25.801980198019802,27.396039603960396,13.366336633663366,0.7946534653465347,21.792079207920793,1003.7871287128713,23.285714285714285,29.142857142857142,2,0,0,0,0,0,3,0,0,0,2,0
2013,31,26.691891891891892,28.994594594594595,10.475675675675676,0.784972972972973,22.486486486486488,1004.1837837837838,25.0,29.714285714285715,3,1,0,0,0,0,3,0,0,0,0,0
2013,32,28.106382978723403,32.452127659574465,11.914893617021276,0.7951595744680852,24.127659574468087,1004.8989361702128,25.857142857142858,31.285714285714285,4,0,0,0,1,0,1,0,0,0,1,0
2013,33,28.411428571428573,31.81142857142857,10.0,0.7468571428571428,23.228571428571428,1008.7485714285714,25.857142857142858,32.285714285714285,6,0,0,0,0,0,0,0,0,0,1,0
2013,34,27.1,29.0,8.083333333333334,0.722111111111111,21.272222222222222,1006.8055555555555,22.714285714285715,31.285714285714285,4,0,0,0,0,0,2,0,0,0,1,0
2013,35,25.134078212290504,25.83240223463687,10.279329608938548,0.7096648044692737,19.100558659217878,1003.9217877094972,21.142857142857142,29.285714285714285,5,0,0,0,0,0,0,0,0,0,2,0
2013,36,21.160714285714285,21.113095238095237,9.880952380952381,0.6049404761904762,12.607142857142858,1014.7738095238095,16.285714285714285,26.0,6,0,0,0,0,0,1,0,0,0,0,0
2013,37,21.954128440366972,22.1697247706422,7.334862385321101,0.8055504587155963,18.26605504587156,1013.316513761468,19.857142857142858,25.571428571428573,2,0,0,0,0,0,2,0,0,0,3,0
2013,38,22.38150289017341,22.410404624277458,7.404624277456647,0.6683815028901734,15.179190751445086,1015.364161849711,17.714285714285715,28.142857142857142,6,0,0,0,0,0,1,0,0,0,0,0
2013,39,19.77906976744186,19.75581395348837,10.186046511627907,0.6275,11.825581395348838,1015.2325581395348,15.428571428571429,24.142857142857142,4,0,0,0,0,0,3,0,0,0,0,0
2013,40,17.994082840236686,17.85207100591716,8.49112426035503,0.6702366863905325,10.928994082840237,1017.1242603550296,12.571428571428571,24.0,5,0,0,0,0,0,2,0,0,0,0,0
2013,41,19.157894736842106,19.146198830409357,10.865497076023392,0.6776023391812865,12.52046783625731,1016.3099415204679,14.142857142857142,24.142857142857142,3,0,0,0,0,0,3,0,0,0,1,0
2013,42,13.040229885057471,12.71264367816092,7.977011494252873,0.6848850574712644,6.586206896551724,1023.028735632184,7.714285714285714,19.0,5,0,0,0,0,0,2,0,0,0,0,0
2013,43,12.471337579617835,11.86624203821656,9.394904458598726,0.5989171974522293,4.076433121019108,1019.7898089171974,6.0,19.0,7,0,0,0,0,0,0,0,0,0,0,0
2013,44,10.505813953488373,10.273255813953488,5.854651162790698,0.710639534883721,4.819767441860465,1024.0813953488373,5.714285714285714,16.0,4,1,0,0,0,0,2,0,0,0,0,0
2013,45,10.437837837837838,10.12972972972973,7.967567567567568,0.7147567567567567,4.8108108108108105,1022.0540540540541,5.285714285714286,15.571428571428571,5,0,0,0,0,0,2,0,0,0,0,0
2013,46,5.093406593406593,3.3736263736263736,9.89010989010989,0.5858241758241759,-3.302197802197802,1020.3681318681319,0.5714285714285714,9.857142857142858,5,0,0,0,0,0,1,0,0,0,1,0
2013,47,2.7158469945355193,0.32786885245901637,11.584699453551913,0.6083060109289617,-4.704918032786885,1019.655737704918,-2.0,7.714285714285714,5,0,0,0,0,0,0,2,0,0,0,0
2013,48,2.3956043956043955,-0.2857142857142857,13.368131868131869,0.6491208791208791,-3.8846153846153846,1015.3461538461538,-1.5714285714285714,5.857142857142857,3,0,0,0,0,0,3,0,0,0,1,0
2013,49,3.4771573604060912,2.3197969543147208,6.096446700507614,0.727766497461929,-1.5126903553299493,1020.5126903553299,-1.5714285714285714,8.571428571428571,6,0,0,0,0,0,1,0,0,0,0,0
2013,50,-1.460093896713615,-4.234741784037559,9.906103286384976,0.7318309859154929,-5.896713615023474,1017.6713615023474,-6.142857142857143,1.2857142857142858,2,1,0,0,0,0,1,2,0,0,0,1
2013,51,-3.853932584269663,-6.904494382022472,8.825842696629213,0.6435393258426966,-9.92134831460674,1025.8426966292134,-7.571428571428571,0.14285714285714285,5,0,0,0,0,0,0,2,0,0,0,0
2013,52,-3.5113636363636362,-5.948863636363637,7.943181818181818,0.6403409090909091,-9.721590909090908,1025.5511363636363,-8.166666666666666,0.6666666666666666,5,0,0,0,0,0,0,1,0,0,0,0
2014,1,0.5058139534883721,-1.9651162790697674,9.63953488372093,0.5868023255813953,-7.3023255813953485,1017.2674418604652,-5.0,6.0,4,0,0,0,0,0,0,0,0,0,0,0
2014,2,-2.191011235955056,-4.696629213483146,8.92134831460674,0.545561797752809,-11.123595505617978,1026.9606741573034,-6.714285714285714,2.142857142857143,6,0,0,0,0,0,1,0,0,0,0,0
2014,3,-3.5885714285714285,-6.12,8.605714285714285,0.5099428571428571,-13.4,1029.9657142857143,-9.428571428571429,1.2857142857142858,6,0,0,0,0,0,0,1,0,0,0,0
2014,4,-1.1185567010309279,-3.634020618556701,8.742268041237113,0.6538659793814433,-7.180412371134021,1023.2577319587629,-5.714285714285714,3.0,2,0,0,0,0,0,2,3,0,0,0,0
2014,5,0.5806451612903226,-1.575268817204301,8.290322580645162,0.5766129032258065,-7.913978494623656,1021.3763440860215,-4.857142857142857,5.142857142857143,3,2,0,0,0,0,2,0,0,0,0,0
2014,6,-1.5635359116022098,-5.458563535911602,12.917127071823204,0.5272375690607736,-11.165745856353592,1020.3977900552486,-5.285714285714286,1.2857142857142858,4,1,0,0,0,0,0,2,0,0,0,0
2014,7,-0.22023809523809523,-3.0833333333333335,9.398809523809524,0.5823809523809524,-8.136904761904763,1026.732142857143,-4.428571428571429,4.714285714285714,5,0,0,0,0,0,0,2,0,0,0,0
2014,8,1.064327485380117,-0.7719298245614035,7.649122807017544,0.5773684210526316,-7.1988304093567255,1028.2690058479532,-3.5714285714285716,5.857142857142857,7,0,0,0,0,0,0,0,0,0,0,0
2014,9,3.648936170212766,2.5691489361702127,6.75,0.6552659574468085,-2.984042553191489,1025.2712765957447,-1.0,11.0,7,0,0,0,0,0,0,0,0,0,0,0
2014,10,2.0236686390532546,-0.6804733727810651,12.224852071005918,0.43911242603550293,-10.319526627218934,1025.1242603550295,-3.142857142857143,7.285714285714286,6,0,0,0,0,0,0,0,1,0,0,0
2014,11,3.4915254237288136,1.0451977401129944,11.853107344632768,0.5638418079096045,-5.372881355932203,1020.3728813559322,-0.8571428571428571,8.714285714285714,5,0,0,0,0,0,2,0,0,0,0,0
2014,12,8.627118644067796,7.406779661016949,12.864406779661017,0.6063841807909605,0.5310734463276836,1017.7344632768362,3.0,14.857142857142858,5,1,0,0,0,0,1,0,0,0,0,0
2014,13,12.091891891891892,11.610810810810811,10.362162162162162,0.6281081081081081,4.464864864864865,1016.4702702702702,7.857142857142857,18.142857142857142,4,0,0,0,0,0,3,0,0,0,0,0
2014,14,10.323529411764707,9.48235294117647,10.141176470588235,0.48811764705882354,-1.7470588235294118,1014.0941176470589,3.4285714285714284,16.571428571428573,5,0,0,0,0,0,2,0,0,0,0,0
2014,15,9.696629213483146,8.825842696629213,10.213483146067416,0.6569101123595505,2.752808988764045,1018.5112359550562,6.142857142857143,15.285714285714286,7,0,0,0,0,0,0,0,0,0,0,0
2014,16,13.06043956043956,12.851648351648352,8.81868131868132,0.6463186813186813,5.593406593406593,1017.0439560439561,8.428571428571429,19.714285714285715,6,0,0,0,0,0,1,0,0,0,0,0
2014,17,15.263157894736842,15.023391812865498,8.91812865497076,0.47625730994152043,2.210526315789474,1018.859649122807,8.571428571428571,22.714285714285715,6,0,0,0,0,0,1,0,0,0,0,0
2014,18,14.539772727272727,14.414772727272727,11.835227272727273,0.6349431818181818,7.107954545454546,1014.1931818181819,10.0,19.428571428571427,3,0,0,0,0,0,3,0,0,0,1,0
2014,19,13.739884393063583,13.248554913294798,12.757225433526012,0.5330057803468208,2.947976878612717,1015.5086705202312,9.285714285714286,19.714285714285715,5,0,0,0,0,0,1,0,0,0,1,0
2014,20,17.808988764044944,17.634831460674157,13.808988764044944,0.5789325842696629,8.292134831460674,1006.438202247191,12.428571428571429,23.571428571428573,5,0,0,0,0,0,2,0,0,0,0,0
2014,21,18.782122905027933,18.664804469273744,8.670391061452515,0.6216201117318435,10.53631284916201,1012.2346368715084,14.571428571428571,25.857142857142858,7,0,0,0,0,0,0,0,0,0,0,0
2014,22,21.679775280898877,21.4438202247191,10.865168539325843,0.5596629213483146,11.410112359550562,1005.5,16.428571428571427,28.142857142857142,6,0,0,0,0,0,1,0,0,0,0,0
2014,23,21.80110497237569,21.773480662983424,10.05524861878453,0.6583425414364641,14.585635359116022,1006.5469613259669,18.285714285714285,25.571428571428573,4,0,0,0,0,0,3,0,0,0,0,0
2014,24,21.020942408376964,21.026178010471206,9.293193717277488,0.7009424083769633,15.010471204188482,1006.3246073298429,17.857142857142858,26.0,4,0,0,0,0,0,0,0,0,0,3,0
2014,25,22.939226519337016,22.994475138121548,9.082872928176796,0.6813812154696133,16.38121546961326,1006.0110497237569,19.714285714285715,27.285714285714285,4,0,0,0,0,0,2,0,0,0,1,0
2014,26,22.994444444444444,23.066666666666666,8.755555555555556,0.6872777777777778,16.63888888888889,1006.0166666666667,20.0,26.857142857142858,4,0,0,0,0,0,2,0,0,0,1,0
2014,27,24.207650273224044,24.453551912568305,8.857923497267759,0.6850819672131148,17.688524590163933,1006.4371584699453,20.714285714285715,28.714285714285715,5,0,0,0,0,0,1,0,0,0,1,0
2014,28,25.741573033707866,26.382022471910112,9.101123595505618,0.6689887640449438,18.60112359550562,1002.7528089887641,22.714285714285715,29.428571428571427,4,0,0,0,0,0,2,0,0,0,1,0
2014,29,25.391061452513966,26.251396648044693,9.318435754189943,0.7087150837988827,19.463687150837988,1009.1843575418994,22.571428571428573,29.571428571428573,5,0,0,0,0,0,0,0,0,1,1,0
2014,30,24.591133004926107,25.61576354679803,13.556650246305418,0.7725615763546797,20.147783251231527,1006.5172413793103,21.714285714285715,28.0,2,0,0,0,0,0,4,0,0,0,1,0
2014,31,27.42105263157895,28.60233918128655,9.31578947368421,0.6371929824561403,19.450292397660817,1008.233918128655,24.0,32.142857142857146,5,0,0,0,0,0,2,0,0,0,0,0
2014,32,25.419354838709676,26.4247311827957,10.306451612903226,0.7190322580645162,19.440860215053764,1003.5268817204301,22.714285714285715,28.857142857142858,3,0,0,0,0,0,4,0,0,0,0,0
2014,33,23.434065934065934,23.76923076923077,8.840659340659341,0.7184615384615384,17.802197802197803,1005.7967032967033,20.428571428571427,27.428571428571427,4,0,0,0,0,0,2,0,0,0,1,0
2014,34,23.30366492146597,23.858638743455497,8.193717277486911,0.7927748691099475,19.408376963350786,1009.7539267015707,21.285714285714285,25.857142857142858,3,0,0,0,0,0,3,0,0,0,1,0
2014,35,24.386363636363637,24.664772727272727,7.659090909090909,0.6757386363636363,17.607954545454547,1012.4431818181819,20.285714285714285,29.428571428571427,4,0,0,0,0,0,2,0,0,0,1,0
2014,36,22.72,22.754285714285714,8.371428571428572,0.7086285714285715,16.702857142857145,1010.2857142857143,19.0,27.142857142857142,5,0,0,0,0,0,2,0,0,0,0,0
2014,37,22.301136363636363,22.329545454545453,7.1875,0.6555113636363636,14.738636363636363,1010.3409090909091,17.714285714285715,28.0,6,0,0,0,0,0,1,0,0,0,0,0
2014,38,20.464285714285715,20.25,7.113095238095238,0.5575,10.303571428571429,1014.9583333333334,15.428571428571429,26.142857142857142,7,0,0,0,0,0,0,0,0,0,0,0
2014,39,20.6,20.514285714285716,7.577142857142857,0.6490857142857143,12.954285714285714,1015.0228571428571,16.571428571428573,25.714285714285715,4,0,0,0,0,0,3,0,0,0,0,0
2014,40,18.206349206349206,18.16931216931217,9.037037037037036,0.7130687830687831,12.380952380952381,1014.5925925925926,13.857142857142858,22.142857142857142,4,1,0,0,0,0,2,0,0,0,0,0
2014,41,16.183908045977013,15.971264367816092,8.816091954022989,0.5924712643678162,7.057471264367816,1020.8103448275862,10.142857142857142,23.142857142857142,7,0,0,0,0,0,0,0,0,0,0,0
2014,42,14.16184971098266,13.971098265895954,9.670520231213873,0.5407514450867051,3.653179190751445,1018.6589595375723,7.857142857142857,20.857142857142858,6,0,0,0,0,0,0,0,0,0,1,0
2014,43,14.056497175141242,13.943502824858758,7.502824858757062,0.7238418079096045,8.519774011299434,1019.5084745762712,10.285714285714286,19.0,4,0,0,0,0,0,3,0,0,0,0,0
2014,44,12.241176470588234,11.882352941176471,8.235294117647058,0.5534117647058824,2.235294117647059,1021.435294117647,6.857142857142857,18.571428571428573,5,0,0,0,0,0,2,0,0,0,0,0
2014,45,10.011834319526628,9.609467455621301,9.514792899408285,0.5312426035502958,-0.21893491124260356,1020.3372781065088,4.0,15.428571428571429,7,0,0,0,0,0,0,0,0,0,0,0
2014,46,5.4,3.777142857142857,10.371428571428572,0.5106857142857143,-5.234285714285714,1021.8285714285714,-0.2857142857142857,10.428571428571429,5,0,0,0,0,0,1,1,0,0,0,0
2014,47,6.461956521739131,5.744565217391305,7.413043478260869,0.62,-1.233695652173913,1025.304347826087,2.0,11.571428571428571,4,1,0,0,0,0,2,0,0,0,0,0
2014,48,8.03225806451613,6.983870967741935,8.75268817204301,0.7116666666666667,2.5591397849462365,1019.8064516129032,3.857142857142857,13.0,5,1,0,0,0,0,1,0,0,0,0,0
2014,49,-2.185929648241206,-6.371859296482412,15.14572864321608,0.5399999999999999,-11.015075376884422,1018.9949748743719,-7.0,0.5714285714285714,3,0,0,0,0,0,0,3,1,0,0,0
2014,50,-2.8324022346368714,-5.4916201117318435,8.458100558659218,0.5237988826815643,-12.072625698324023,1026.9329608938547,-7.142857142857143,1.0,4,0,0,0,0,0,1,2,0,0,0,0
2014,51,-3.572972972972973,-7.945945945945946,14.35135135135135,0.5037297297297297,-13.367567567567567,1025.8540540540541,-8.142857142857142,-0.7142857142857143,4,0,0,0,0,0,0,1,2,0,0,0
2014,52,-3.034090909090909,-5.6647727272727275,8.426136363636363,0.529375,-11.892045454545455,1026.0568181818182,-7.285714285714286,1.8571428571428572,4,0,0,0,0,0,1,2,0,0,0,0
2015,1,-2.6666666666666665,-5.908045977011494,10.931034482758621,0.5136206896551725,-12.235632183908047,1020.7528735632184,-7.4,1.2,5,0,0,0,0,0,0,0,0,0,0,0
2015,2,-2.2758620689655173,-5.0344827586206895,9.850574712643677,0.5266666666666666,-11.850574712643677,1021.1954022988506,-7.428571428571429,2.857142857142857,6,0,0,0,0,0,1,0,0,0,0,0
2015,3,-1.2307692307692308,-4.289940828402367,10.337278106508876,0.46763313609467455,-12.08284023668639,1027.1834319526627,-6.857142857142857,4.0,6,0,0,0,0,0,0,0,1,0,0,0
2015,4,0.02185792349726776,-2.5737704918032787,9.245901639344263,0.6097814207650274,-7.0,1022.7814207650273,-4.142857142857143,4.714285714285714,6,0,0,0,0,0,0,0,1,0,0,0
2015,5,-1.9770114942528736,-5.5,10.959770114942529,0.5456321839080459,-10.620689655172415,1025.9597701149426,-7.0,1.7142857142857142,6,1,0,0,0,0,0,0,0,0,0,0
2015,6,-1.632183908045977,-3.264367816091954,6.64367816091954,0.5690229885057472,-9.977011494252874,1026.7298850574712,-7.714285714285714,5.0,7,0,0,0,0,0,0,0,0,0,0,0
2015,7,-1.977900552486188,-5.928176795580111,13.839779005524862,0.45569060773480663,-13.491712707182321,1020.110497237569,-6.285714285714286,2.7142857142857144,6,0,0,0,0,0,0,0,1,0,0,0
2015,8,3.7885714285714287,1.8628571428571428,9.537142857142857,0.6325714285714286,-3.1885714285714286,1020.3257142857143,0.42857142857142855,7.142857142857143,2,1,0,0,0,0,3,1,0,0,0,0
2015,9,1.7341040462427746,-0.8728323699421965,11.242774566473988,0.5121387283236994,-8.369942196531792,1020.9306358381502,-2.0,5.714285714285714,6,0,0,0,0,0,1,0,0,0,0,0
2015,10,1.0588235294117647,-1.7058823529411764,11.5,0.46229411764705886,-10.505882352941176,1021.1529411764706,-4.0,6.142857142857143,5,0,0,0,0,0,2,0,0,0,0,0
2015,11,1.982248520710059,-1.1124260355029585,14.928994082840237,0.3766863905325444,-12.31360946745562,1021.5621301775147,-3.142857142857143,7.857142857142857,6,0,0,0,0,0,1,0,0,0,0,0
2015,12,8.573099415204679,7.964912280701754,7.43859649122807,0.4850877192982456,-3.5321637426900585,1017.0584795321637,2.857142857142857,16.428571428571427,5,0,0,0,0,0,2,0,0,0,0,0
2015,13,5.755813953488372,4.587209302325581,9.930232558139535,0.41087209302325584,-9.244186046511627,1026.9825581395348,-1.1428571428571428,13.285714285714286,7,0,0,0,0,0,0,0,0,0,0,0
2015,14,11.907216494845361,11.551546391752577,12.43298969072165,0.6286082474226804,4.06701030927835,1011.9639175257732,7.571428571428571,17.428571428571427,4,1,0,0,0,0,1,0,0,0,1,0
2015,15,9.218934911242604,8.437869822485206,9.863905325443787,0.5009467455621301,-1.893491124260355,1021.7337278106509,4.0,14.571428571428571,6,0,0,0,0,0,1,0,0,0,0,0
2015,16,11.022857142857143,10.354285714285714,12.17142857142857,0.5085142857142857,-0.7371428571428571,1013.96,7.285714285714286,16.285714285714285,3,0,0,0,0,0,3,0,0,0,1,0
2015,17,13.53757225433526,13.265895953757225,10.433526011560694,0.48017341040462425,0.8497109826589595,1015.1098265895954,7.142857142857143,19.285714285714285,5,0,0,0,0,0,2,0,0,0,0,0
2015,18,18.063953488372093,17.843023255813954,8.94186046511628,0.5209883720930233,6.6686046511627906,1013.9127906976744,12.857142857142858,24.142857142857142,4,0,0,0,0,0,3,0,0,0,0,0
2015,19,15.55813953488372,15.406976744186046,9.912790697674419,0.5126744186046511,3.441860465116279,1011.0,9.571428571428571,20.571428571428573,6,0,0,0,0,0,1,0,0,0,0,0
2015,20,17.1864406779661,17.07909604519774,14.903954802259888,0.5507344632768362,6.994350282485875,1007.3954802259886,11.714285714285714,22.714285714285715,5,0,0,0,0,0,2,0,0,0,0,0
2015,21,17.13609467455621,16.899408284023668,10.272189349112425,0.520414201183432,5.497041420118343,1009.7100591715977,11.0,23.0,5,0,0,0,0,0,2,0,0,0,0,0
2015,22,19.96551724137931,19.57471264367816,8.32183908045977,0.48385057471264364,6.459770114942529,1008.6494252873563,13.571428571428571,27.142857142857142,5,0,0,0,0,0,2,0,0,0,0,0
2015,23,21.142857142857142,20.714285714285715,10.214285714285714,0.44279761904761905,6.940476190476191,1008.5654761904761,15.714285714285714,27.428571428571427,5,0,0,0,0,0,2,0,0,0,0,0
2015,24,22.54913294797688,22.46242774566474,10.508670520231213,0.6026011560693642,13.658959537572255,1006.2080924855492,17.714285714285715,28.857142857142858,4,0,0,0,0,0,2,0,0,0,1,0
2015,25,22.524324324324326,22.57837837837838,8.95135135135135,0.6677837837837838,15.583783783783783,1006.4594594594595,18.714285714285715,27.571428571428573,5,0,0,0,1,0,0,0,0,0,1,0
2015,26,22.75,22.772222222222222,9.95,0.6532777777777778,15.322222222222223,1006.4055555555556,18.714285714285715,28.142857142857142,5,0,0,0,0,0,2,0,0,0,0,0
2015,27,23.50561797752809,23.52247191011236,9.98876404494382,0.633820224719101,15.5561797752809,1003.314606741573,19.0,28.142857142857142,5,0,0,0,0,0,2,0,0,0,0,0
2015,28,25.450292397660817,25.859649122807017,10.116959064327485,0.5927485380116959,16.4093567251462,1011.0116959064327,21.571428571428573,30.285714285714285,5,0,0,0,0,0,2,0,0,0,0,0
2015,29,24.703296703296704,25.186813186813186,14.626373626373626,0.661923076923077,17.28021978021978,1002.1538461538462,21.714285714285715,28.285714285714285,4,0,0,0,0,0,3,0,0,0,0,0
2015,30,25.6123595505618,27.073033707865168,9.101123595505618,0.7964606741573035,21.6123595505618,1006.6123595505618,23.285714285714285,28.857142857142858,1,0,0,0,0,0,5,0,0,0,1,0
2015,31,26.977011494252874,29.482758620689655,9.666666666666666,0.7969540229885057,22.977011494252874,1007.5747126436781,24.857142857142858,30.0,3,0,0,0,0,0,2,0,0,0,2,0
2015,32,27.566666666666666,30.016666666666666,13.377777777777778,0.7441666666666666,22.35,1010.0833333333334,24.714285714285715,31.857142857142858,5,0,0,0,0,0,1,0,0,0,1,0
2015,33,26.16111111111111,27.58888888888889,7.733333333333333,0.7428333333333333,20.88888888888889,1006.8944444444444,22.714285714285715,30.571428571428573,6,0,0,0,0,0,0,0,0,0,1,0
2015,34,25.703296703296704,26.73076923076923,7.851648351648351,0.7203296703296703,19.89010989010989,1008.4285714285714,22.571428571428573,30.0,4,0,0,0,0,0,2,0,0,0,1,0
2015,35,23.772455089820358,24.005988023952096,9.988023952095809,0.6752694610778442,16.964071856287426,1006.437125748503,20.428571428571427,27.571428571428573,4,0,0,0,0,0,3,0,0,0,0,0
2015,36,24.123595505617978,24.421348314606742,8.724719101123595,0.7000561797752809,17.910112359550563,1010.6629213483146,20.571428571428573,28.142857142857142,5,0,0,0,0,0,1,0,0,0,1,0
2015,37,21.197674418604652,21.040697674418606,9.494186046511627,0.5956976744186047,12.069767441860465,1012.2616279069767,15.428571428571429,26.428571428571427,6,0,0,0,0,0,1,0,0,0,0,0
2015,38,20.779761904761905,20.541666666666668,8.255952380952381,0.5542261904761905,10.398809523809524,1017.5833333333334,15.285714285714286,26.857142857142858,7,0,0,0,0,0,0,0,0,0,0,0
2015,39,21.392045454545453,21.295454545454547,6.386363636363637,0.6696590909090909,14.0,1011.0681818181819,15.857142857142858,27.714285714285715,7,0,0,0,0,0,0,0,0,0,0,0
2015,40,19.126436781609197,18.833333333333332,11.637931034482758,0.5220114942528735,7.810344827586207,1015.3850574712644,13.714285714285714,24.714285714285715,5,0,0,0,0,0,2,0,0,0,0,0
2015,41,16.28735632183908,16.10919540229885,8.022988505747126,0.603103448275862,7.287356321839081,1017.3045977011494,10.857142857142858,22.285714285714285,5,0,0,0,0,0,2,0,0,0,0,0
2015,42,14.784431137724551,14.658682634730539,7.227544910179641,0.6921556886227546,8.29940119760479,1018.3832335329341,9.714285714285714,21.285714285714285,6,0,0,0,0,0,1,0,0,0,0,0
2015,43,16.375690607734807,16.303867403314918,7.1878453038674035,0.7301657458563535,10.850828729281767,1018.6132596685082,11.714285714285714,22.428571428571427,6,0,0,0,0,0,1,0,0,0,0,0
2015,44,9.929411764705883,9.188235294117646,10.152941176470588,0.5586470588235294,0.43529411764705883,1021.4764705882353,4.142857142857143,15.0,5,0,0,0,0,0,2,0,0,0,0,0
2015,45,10.155555555555555,9.838888888888889,8.46111111111111,0.6857777777777778,3.8666666666666667,1025.7166666666667,6.428571428571429,16.142857142857142,5,0,0,0,0,0,2,0,0,0,0,0
2015,46,11.063218390804598,10.781609195402298,7.988505747126437,0.7961494252873563,7.344827586206897,1021.5172413793103,8.571428571428571,14.571428571428571,4,1,0,0,0,0,2,0,0,0,0,0
2015,47,10.87709497206704,10.40782122905028,8.391061452513966,0.7362569832402234,5.994413407821229,1020.9441340782123,7.714285714285714,14.142857142857142,5,0,0,0,0,0,2,0,0,0,0,0
2015,48,3.192982456140351,0.3508771929824561,11.824561403508772,0.6629239766081871,-2.742690058479532,1023.9298245614035,0.5714285714285714,5.857142857142857,1,0,0,0,0,0,5,1,0,0,0,0
2015,49,2.8969072164948453,0.31443298969072164,11.649484536082474,0.6780927835051547,-2.9278350515463916,1020.659793814433,-1.4285714285714286,6.285714285714286,3,0,0,0,0,0,2,0,1,0,0,1
2015,50,2.8433734939759034,1.180722891566265,7.765060240963855,0.6075301204819277,-4.734939759036145,1026.0301204819277,-1.5714285714285714,8.285714285714286,6,1,0,0,0,0,0,0,0,0,0,0
2015,51,0.5411764705882353,-1.9764705882352942,9.7,0.5854117647058823,-7.311764705882353,1025.2058823529412,-3.142857142857143,4.285714285714286,5,0,0,0,0,0,2,0,0,0,0,0
2015,52,-1.2071005917159763,-3.6449704142011834,8.378698224852071,0.5827218934911242,-9.094674556213018,1030.076923076923,-5.6,2.8,5,0,0,0,0,0,0,0,0,0,0,0
2016,1,-0.7953216374269005,-3.1578947368421053,8.274853801169591,0.5558479532163743,-9.590643274853802,1024.2456140350878,-5.142857142857143,3.142857142857143,6,0,0,0,0,0,0,1,0,0,0,0
2016,2,-2.8313953488372094,-5.523255813953488,8.168604651162791,0.5161046511627907,-12.476744186046512,1023.4302325581396,-7.142857142857143,1.7142857142857142,4,0,0,0,0,0,1,2,0,0,0,0
2016,3,-7.508771929824562,-12.584795321637428,13.64327485380117,0.46204678362573104,-17.953216374269005,1025.3801169590643,-11.714285714285714,-4.0,5,0,0,0,0,0,0,2,0,0,0,0
2016,4,-4.526011560693641,-7.69364161849711,8.485549132947977,0.5173988439306358,-13.763005780346822,1027.6242774566474,-8.142857142857142,0.7142857142857143,5,0,0,0,0,0,0,2,0,0,0,0
2016,5,-4.1420118343195265,-6.798816568047338,8.502958579881657,0.41958579881656805,-16.39644970414201,1027.1834319526627,-10.428571428571429,1.7142857142857142,7,0,0,0,0,0,0,0,0,0,0,0
2016,6,3.810055865921788,2.0558659217877095,10.743016759776536,0.6067039106145251,-4.625698324022347,1018.4692737430167,-1.7142857142857142,9.428571428571429,4,0,0,0,0,0,2,0,0,0,1,0
2016,7,-0.4124293785310734,-4.333333333333333,14.796610169491526,0.5640677966101695,-8.80225988700565,1020.9435028248588,-5.428571428571429,3.0,5,0,0,0,0,0,0,2,0,0,0,0
2016,8,0.24561403508771928,-2.1637426900584797,9.935672514619883,0.46590643274853805,-11.116959064327485,1029.8070175438597,-3.5714285714285716,4.714285714285714,5,0,0,0,0,0,1,0,1,0,0,0
2016,9,4.193548387096774,1.903225806451613,12.591397849462366,0.6303763440860215,-2.8440860215053765,1023.1720430107526,0.5714285714285714,8.714285714285714,4,0,0,0,0,0,1,1,0,0,1,0
2016,10,2.5773809523809526,-0.6547619047619048,13.571428571428571,0.4505952380952381,-9.017857142857142,1023.0595238095239,-1.7142857142857142,6.571428571428571,7,0,0,0,0,0,0,0,0,0,0,0
2016,11,6.643274853801169,5.590643274853801,8.035087719298245,0.5455555555555556,-3.0350877192982457,1019.9824561403509,1.2857142857142858,12.571428571428571,6,0,0,0,0,0,1,0,0,0,0,0
2016,12,6.5251396648044695,5.284916201117318,9.603351955307263,0.5375977653631285,-3.7262569832402233,1021.6033519553073,0.2857142857142857,12.714285714285714,7,0,0,0,0,0,0,0,0,0,0,0
2016,13,10.22905027932961,9.636871508379889,10.240223463687151,0.47614525139664804,-2.6815642458100557,1018.4525139664804,4.714285714285714,18.0,6,0,0,0,0,0,1,0,0,0,0,0
2016,14,11.086206896551724,10.408045977011493,9.850574712643677,0.6126436781609195,2.0919540229885056,1014.5862068965517,6.142857142857143,17.714285714285715,4,1,0,0,0,0,2,0,0,0,0,0
2016,15,12.725714285714286,12.417142857142856,9.348571428571429,0.6137142857142858,4.2,1013.1371428571429,7.857142857142857,19.714285714285715,5,0,0,0,0,0,2,0,0,0,0,0
2016,16,12.462857142857143,12.182857142857143,12.714285714285714,0.6628571428571428,5.434285714285714,1012.1142857142858,8.285714285714286,17.571428571428573,4,0,0,0,0,0,3,0,0,0,0,0
2016,17,15.834319526627219,15.668639053254438,9.822485207100591,0.4381656804733728,1.5798816568047338,1012.4082840236687,11.285714285714286,22.571428571428573,7,0,0,0,0,0,0,0,0,0,0,0
2016,18,16.82777777777778,16.583333333333332,16.566666666666666,0.6096111111111111,7.844444444444444,1007.4666666666667,12.857142857142858,22.571428571428573,3,0,0,0,0,0,4,0,0,0,0,0
2016,19,17.29940119760479,17.107784431137723,10.538922155688622,0.5804191616766468,7.724550898203593,1013.9820359281437,13.142857142857142,23.0,4,0,0,0,0,0,3,0,0,0,0,0
2016,20,19.741176470588236,19.3,9.617647058823529,0.5048235294117647,6.982352941176471,1014.9176470588235,13.0,26.857142857142858,6,0,0,0,0,0,1,0,0,0,0,0
2016,21,19.90173410404624,19.734104046242773,9.00578034682081,0.6179768786127168,11.277456647398845,1010.7225433526012,15.571428571428571,24.857142857142858,5,0,0,0,0,0,2,0,0,0,0,0
2016,22,21.029761904761905,20.803571428571427,8.142857142857142,0.574047619047619,11.18452380952381,1008.0297619047619,16.0,26.857142857142858,7,0,0,0,0,0,0,0,0,0,0,0
2016,23,22.275862068965516,22.224137931034484,8.459770114942529,0.6263793103448275,14.057471264367816,1010.7758620689655,18.857142857142858,27.714285714285715,6,0,0,0,0,0,1,0,0,0,0,0
2016,24,22.14857142857143,22.228571428571428,11.148571428571428,0.6927428571428572,15.817142857142857,1004.1657142857143,18.428571428571427,26.714285714285715,5,0,0,0,0,0,1,0,0,0,1,0
2016,25,23.67241379310345,23.971264367816094,9.097701149425287,0.6916666666666667,17.304597701149426,1005.0574712643678,19.571428571428573,28.428571428571427,4,0,0,0,0,0,3,0,0,0,0,0
2016,26,24.114754098360656,24.442622950819672,10.120218579234972,0.6857923497267759,17.311475409836067,1007.9344262295082,20.571428571428573,29.0,4,0,0,0,0,0,2,0,0,0,1,0
2016,27,23.911917098445596,24.39896373056995,9.808290155440414,0.7583419689119171,18.989637305699482,1010.0518134715026,20.428571428571427,28.142857142857142,5,0,0,0,0,0,2,0,0,0,0,0
2016,28,25.53179190751445,26.416184971098264,10.393063583815028,0.6901156069364162,19.034682080924856,1002.2023121387283,22.142857142857142,29.285714285714285,4,0,0,0,0,0,3,0,0,0,0,0
2016,29,26.485207100591715,27.7396449704142,9.331360946745562,0.6746153846153846,19.644970414201183,1009.5029585798817,24.0,30.285714285714285,6,0,0,0,0,0,1,0,0,0,0,0
2016,30,27.488636363636363,30.301136363636363,10.261363636363637,0.7672159090909091,22.869318181818183,1008.125,25.142857142857142,30.142857142857142,2,0,0,0,0,0,4,0,0,0,1,0
2016,31,28.541666666666668,31.446428571428573,6.988095238095238,0.72375,22.702380952380953,1009.375,25.0,33.285714285714285,6,0,0,0,0,0,1,0,0,0,0,0
2016,32,29.171597633136095,32.07692307692308,7.887573964497041,0.6861538461538461,22.349112426035504,1007.8579881656805,25.285714285714285,34.0,7,0,0,0,0,0,0,0,0,0,0,0
2016,33,29.275449101796408,32.11377245508982,8.005988023952096,0.6632335329341318,21.88622754491018,1004.0,25.571428571428573,33.714285714285715,7,0,0,0,0,0,0,0,0,0,0,0
2016,34,27.062857142857144,28.257142857142856,10.605714285714285,0.5976571428571429,17.697142857142858,1006.7028571428572,22.285714285714285,31.714285714285715,5,0,0,0,0,0,2,0,0,0,0,0
2016,35,22.166666666666668,22.216666666666665,15.294444444444444,0.6293333333333333,14.272222222222222,1000.6833333333333,18.0,26.428571428571427,4,0,0,0,0,0,2,0,0,0,1,0
2016,36,23.707865168539325,24.04494382022472,7.151685393258427,0.7308426966292135,18.252808988764045,1009.0337078651686,20.0,28.285714285714285,6,0,0,0,1,0,0,0,0,0,0,0
2016,37,23.444444444444443,23.567251461988302,7.654970760233918,0.6769005847953217,16.736842105263158,1015.485380116959,19.285714285714285,28.285714285714285,5,0,0,0,0,0,2,0,0,0,0,0
2016,38,20.708333333333332,20.523809523809526,8.553571428571429,0.5389880952380952,9.94047619047619,1016.2202380952381,14.833333333333334,26.333333333333332,6,0,0,0,0,0,0,0,0,0,0,0
2016,39,20.720238095238095,20.69047619047619,7.2976190476190474,0.7130952380952381,14.845238095238095,1016.1547619047619,18.142857142857142,25.142857142857142,6,0,0,0,0,0,1,0,0,0,0,0
2016,40,20.340425531914892,20.46808510638298,12.042553191489361,0.7795744680851064,16.127659574468087,1011.7872340425532,14.0,24.857142857142858,5,0,0,0,0,0,2,0,0,0,0,0
2016,42,16.80314960629921,16.74015748031496,8.031496062992126,0.6359055118110236,9.31496062992126,1018.4409448818898,12.571428571428571,21.714285714285715,6,1,0,0,0,0,0,0,0,0,0,0
2019,1,-5.7023809523809526,-7.869047619047619,6.535714285714286,0.5125,-15.136904761904763,1033.982142857143,-10.0,1.0,5,0,0,0,0,0,0,0,0,0,0,0
2019,2,-2.4497041420118344,-4.366863905325443,6.710059171597633,0.5023076923076923,-12.266272189349113,1027.7810650887575,-7.142857142857143,3.0,7,0,0,0,0,0,0,0,0,0,0,0
2019,3,-1.6184971098265897,-3.5028901734104045,7.179190751445087,0.5986127167630058,-9.271676300578035,1025.2947976878613,-7.142857142857143,4.428571428571429,5,0,0,0,0,0,0,2,0,0,0,0
2019,4,-1.6923076923076923,-4.650887573964497,11.08284023668639,0.4637278106508876,-13.071005917159763,1022.9763313609468,-8.428571428571429,4.142857142857143,6,0,0,0,0,0,0,1,0,0,0,0
2019,5,-0.9058823529411765,-3.4941176470588236,9.952941176470588,0.47894117647058826,-11.652941176470588,1024.3882352941177,-5.285714285714286,4.0,4,0,0,0,0,0,2,1,0,0,0,0
2019,6,-0.6878612716763006,-4.236994219653179,11.84393063583815,0.5007514450867052,-10.919075144508671,1021.5317919075145,-6.285714285714286,2.2857142857142856,5,1,0,0,0,0,0,0,1,0,0,0
2019,7,-2.691860465116279,-5.627906976744186,8.63953488372093,0.44377906976744186,-14.174418604651162,1029.906976744186,-7.285714285714286,1.4285714285714286,4,0,0,0,0,0,0,3,0,0,0,0
2019,8,0.6878612716763006,-0.8786127167630058,6.803468208092486,0.6110982658959537,-6.820809248554913,1024.086705202312,-3.7142857142857144,6.285714285714286,5,0,1,0,0,0,0,1,0,0,0,0
2019,9,4.167630057803469,3.260115606936416,6.757225433526012,0.5394797687861271,-5.531791907514451,1021.5664739884393,-1.2857142857142858,11.285714285714286,7,0,0,0,0,0,0,0,0,0,0,0
2019,10,3.5714285714285716,2.7857142857142856,5.142857142857143,0.61,-4.5,1015.4285714285714,0.7142857142857143,12.857142857142858,7,0,0,0,0,0,0,0,0,0,0,0
2019,11,4.082474226804123,2.2577319587628866,10.34020618556701,0.5641237113402062,-5.103092783505154,1019.979381443299,-1.5714285714285714,9.857142857142858,3,0,0,0,0,1,3,0,0,0,0,0
2019,12,4.2592592592592595,3.3703703703703702,8.0,0.6085185185185185,-3.6666666666666665,1023.0370370370371,-0.2857142857142857,11.714285714285714,5,0,0,0,0,0,1,0,0,0,1,0
2019,15,9.333333333333334,8.833333333333334,9.022222222222222,0.6428888888888888,1.4666666666666666,1016.5888888888888,4.285714285714286,15.857142857142858,4,1,0,0,0,0,2,0,0,0,0,0
2019,16,12.277456647398845,11.99421965317919,10.138728323699421,0.6138150289017341,3.61271676300578,1015.0635838150289,6.714285714285714,18.142857142857142,5,0,0,0,0,0,2,0,0,0,0,0
2019,17,14.410404624277456,14.046242774566474,8.867052023121387,0.7560115606936416,9.445086705202312,1012.3179190751445,9.857142857142858,20.285714285714285,3,0,0,0,0,0,4,0,0,0,0,0
2019,18,15.06547619047619,14.81547619047619,8.898809523809524,0.5734523809523809,5.589285714285714,1013.5952380952381,8.428571428571429,22.0,7,0,0,0,0,0,0,0,0,0,0,0
2019,19,15.720238095238095,15.5,11.696428571428571,0.5384523809523809,5.041666666666667,1014.0416666666666,9.0,22.857142857142858,7,0,0,0,0,0,0,0,0,0,0,0
2019,20,19.976190476190474,19.857142857142858,9.571428571428571,0.6004166666666667,11.107142857142858,1012.7738095238095,12.75,25.75,4,0,0,0,0,0,0,0,0,0,0,0
2019,21,19.75,19.63372093023256,13.0,0.6618023255813953,12.290697674418604,1007.9767441860465,13.666666666666666,26.0,6,0,0,0,0,0,0,0,0,0,0,0
2019,22,19.296511627906977,19.174418604651162,12.854651162790697,0.6353488372093024,11.395348837209303,1009.6918604651163,13.571428571428571,24.0,4,0,0,0,0,0,3,0,0,0,0,0
2019,23,20.62111801242236,20.614906832298136,10.788819875776397,0.7201242236024844,14.70807453416149,1008.0869565217391,16.142857142857142,26.285714285714285,5,0,0,0,0,0,1,0,0,0,1,0
2019,24,21.95402298850575,21.977011494252874,10.908045977011493,0.6735632183908046,15.126436781609195,1006.0689655172414,16.142857142857142,25.857142857142858,4,0,0,0,0,0,2,0,0,0,1,0
2019,25,21.702857142857145,21.737142857142857,10.0,0.7477142857142857,16.571428571428573,1007.8285714285714,17.857142857142858,26.428571428571427,5,0,0,0,0,0,1,0,0,0,1,0
2019,26,24.026315789473685,23.94736842105263,9.131578947368421,0.5623684210526316,14.210526315789474,1008.8157894736842,19.714285714285715,29.428571428571427,5,0,0,0,0,0,2,0,0,0,0,0
2019,28,23.229885057471265,23.689655172413794,12.64367816091954,0.7654022988505748,18.620689655172413,1004.7241379310345,20.142857142857142,28.571428571428573,4,0,0,0,0,0,3,0,0,0,0,0
2019,29,25.635359116022098,27.276243093922652,9.679558011049723,0.7806077348066298,21.14917127071823,1006.3480662983426,22.428571428571427,30.714285714285715,3,0,0,0,0,0,3,0,0,0,1,0
2019,30,26.19815668202765,28.317972350230416,9.580645161290322,0.9031336405529954,24.341013824884794,1003.8110599078341,24.428571428571427,29.428571428571427,0,0,0,0,0,0,6,0,0,0,1,0
2019,31,27.09767441860465,30.674418604651162,11.837209302325581,0.8833953488372094,24.865116279069767,1008.9767441860465,24.285714285714285,30.714285714285715,1,0,0,0,0,0,3,0,0,0,3,0
2019,32,29.46,34.9,7.56,0.7916,25.12,1009.72,25.428571428571427,34.142857142857146,5,0,0,0,0,0,2,0,0,0,0,0
2019,33,26.988888888888887,29.833333333333332,11.877777777777778,0.7901111111111111,22.844444444444445,996.4,24.0,31.428571428571427,2,0,0,0,0,0,5,0,0,0,0,0
2019,34,26.058139534883722,27.453488372093023,7.732558139534884,0.734767441860465,20.523255813953487,1008.2325581395348,21.285714285714285,30.571428571428573,6,0,0,0,0,0,1,0,0,0,0,0
2019,37,24.633333333333333,25.2,14.966666666666667,0.6893333333333334,18.5,1015.6,20.571428571428573,26.857142857142858,3,1,0,0,0,0,3,0,0,0,0,0
2019,40,18.533333333333335,18.533333333333335,13.933333333333334,0.7579999999999999,14.066666666666666,1016.6666666666666,16.571428571428573,26.857142857142858,5,0,0,0,0,0,2,0,0,0,0,0
2019,41,15.675977653631286,15.631284916201118,9.659217877094973,0.7293854748603352,10.072625698324023,1018.0335195530727,10.857142857142858,21.0,5,0,0,0,0,0,2,0,0,0,0,0
2019,42,14.839285714285714,14.720238095238095,8.226190476190476,0.7052380952380952,8.845238095238095,1023.8869047619048,9.285714285714286,21.0,7,0,0,0,0,0,0,0,0,0,0,0
2019,43,15.066666666666666,14.905555555555555,7.972222222222222,0.7527777777777778,10.088888888888889,1018.8555555555556,8.857142857142858,21.428571428571427,6,0,0,0,0,0,1,0,0,0,0,0
2019,44,12.028901734104046,11.797687861271676,8.375722543352602,0.75,7.057803468208093,1019.0115606936416,6.571428571428571,18.285714285714285,6,0,0,0,0,0,1,0,0,0,0,0
2019,45,9.645348837209303,9.232558139534884,6.819767441860465,0.6825581395348838,3.0232558139534884,1019.6860465116279,3.2857142857142856,16.428571428571427,7,0,0,0,0,0,0,0,0,0,0,0
2019,46,7.222748815165877,5.867298578199052,10.554502369668246,0.7986255924170615,3.4312796208530805,1016.9383886255924,2.4285714285714284,12.142857142857142,3,0,0,0,1,0,1,0,0,0,2,0
2019,47,7.161290322580645,5.258064516129032,14.161290322580646,0.8243548387096774,4.096774193548387,1017.2903225806451,0.7142857142857143,10.428571428571429,5,0,0,0,0,0,1,1,0,0,0,0
2019,48,2.212121212121212,0.4090909090909091,7.378787878787879,0.6157575757575757,-4.954545454545454,1030.1666666666667,-1.8571428571428572,9.428571428571429,5,0,0,0,0,0,2,0,0,0,0,0
2019,49,-0.42196531791907516,-3.2369942196531793,9.878612716763005,0.660635838150289,-6.572254335260116,1028.4161849710983,-5.714285714285714,3.5714285714285716,4,0,0,0,0,0,3,0,0,0,0,0
2019,50,3.010989010989011,0.7967032967032966,10.434065934065934,0.736153846153846,-1.664835164835165,1023.8241758241758,-1.0,7.0,4,2,0,0,0,0,1,0,0,0,0,0
2019,51,2.022598870056497,-0.10734463276836158,9.005649717514125,0.7424858757062146,-2.531073446327684,1024.5084745762713,-3.2857142857142856,7.0,4,0,0,1,0,0,2,0,0,0,0,0
2019,52,0.9736842105263158,-1.0736842105263158,7.847368421052631,0.7655263157894736,-3.126315789473684,1023.0,-3.2857142857142856,5.857142857142857,5,1,0,0,0,0,1,0,0,0,0,0
2020,1,-0.20348837209302326,-2.7267441860465116,9.453488372093023,0.7022093023255814,-5.377906976744186,1028.1046511627908,-3.8,5.2,3,0,0,0,0,0,1,1,0,0,0,0
2020,2,1.6282722513089005,-0.5497382198952879,9.06282722513089,0.8294240837696336,-1.2408376963350785,1019.8167539267016,-1.5714285714285714,4.857142857142857,5,0,0,0,0,0,2,0,0,0,0,0
2020,3,-2.0714285714285716,-4.25,7.130952380952381,0.6603571428571429,-8.119047619047619,1023.8988095238095,-6.0,3.0,7,0,0,0,0,0,0,0,0,0,0,0
2020,4,1.2640449438202248,-0.7471910112359551,8.52247191011236,0.698876404494382,-4.202247191011236,1025.2134831460673,-3.0,7.142857142857143,5,0,0,0,0,0,0,1,1,0,0,0
2020,5,4.3609467455621305,2.408284023668639,10.065088757396449,0.6902366863905326,-1.3905325443786982,1019.9822485207101,-0.42857142857142855,9.714285714285714,6,0,0,0,0,0,1,0,0,0,0,0
2020,6,-2.4022988505747125,-5.902298850574713,11.706896551724139,0.6012643678160919,-9.724137931034482,1028.5977011494253,-7.285714285714286,2.2857142857142856,4,0,0,0,0,0,0,1,2,0,0,0
2020,7,4.921052631578948,3.6210526315789475,7.626315789473685,0.7732105263157895,0.5157894736842106,1021.0842105263158,-0.14285714285714285,11.0,4,1,0,0,0,0,1,0,1,0,0,0
2020,8,0.5939086294416244,-2.5786802030456855,13.025380710659899,0.752994923857868,-3.6446700507614214,1023.4771573604061,-3.0,5.0,4,0,0,0,0,0,1,2,0,0,0,0
2020,9,5.288135593220339,3.672316384180791,8.502824858757062,0.7683050847457628,1.152542372881356,1022.9209039548023,1.4285714285714286,9.857142857142858,4,1,0,0,0,0,2,0,0,0,0,0
2020,10,3.2471264367816093,1.2183908045977012,9.873563218390805,0.697528735632184,-2.3908045977011496,1021.7471264367816,-1.4285714285714286,8.857142857142858,5,0,0,0,0,0,1,1,0,0,0,0
2020,11,5.866666666666666,3.816666666666667,12.677777777777777,0.6252777777777777,-1.7722222222222221,1016.6888888888889,1.0,11.285714285714286,4,0,0,0,0,0,3,0,0,0,0,0
2020,12,7.389830508474576,5.423728813559322,16.15819209039548,0.6228248587570622,-0.3615819209039548,1013.0056497175141,1.8571428571428572,13.142857142857142,7,0,0,0,0,0,0,0,0,0,0,0
2020,13,10.38888888888889,9.605555555555556,11.88888888888889,0.5782222222222222,0.7166666666666667,1016.8722222222223,3.2857142857142856,17.142857142857142,6,1,0,0,0,0,0,0,0,0,0,0
2020,14,8.948571428571428,8.211428571428572,11.685714285714285,0.5565142857142857,-1.1371428571428572,1019.3542857142858,3.0,15.714285714285714,7,0,0,0,0,0,0,0,0,0,0,0
2020,15,8.723529411764705,7.852941176470588,11.382352941176471,0.551,-1.0823529411764705,1020.2176470588236,2.142857142857143,15.0,7,0,0,0,0,0,0,0,0,0,0,0
2020,16,11.68208092485549,11.208092485549132,11.53757225433526,0.6378612716763006,3.653179190751445,1014.6589595375723,6.142857142857143,18.571428571428573,5,0,0,0,0,0,2,0,0,0,0,0
2020,17,9.870588235294118,8.447058823529412,18.788235294117648,0.6148823529411764,2.123529411764706,1013.3,5.285714285714286,13.428571428571429,5,0,0,0,0,0,2,0,0,0,0,0
2020,18,15.194117647058823,14.994117647058824,12.576470588235294,0.6544117647058824,7.788235294117647,1016.2705882352941,10.571428571428571,21.142857142857142,6,0,0,0,0,0,1,0,0,0,0,0
2020,19,18.051136363636363,17.926136363636363,10.727272727272727,0.6734659090909091,10.340909090909092,1010.3693181818181,13.571428571428571,23.857142857142858,5,0,0,0,0,0,2,0,0,0,0,0
2020,20,16.056497175141242,15.954802259887005,11.429378531073446,0.7345197740112994,10.265536723163843,1009.0056497175141,12.857142857142858,20.142857142857142,4,0,0,0,0,0,3,0,0,0,0,0
2020,21,17.094240837696336,17.073298429319372,11.429319371727749,0.7698952879581152,12.596858638743456,1006.2722513089005,13.571428571428571,22.428571428571427,4,0,0,0,0,0,1,0,0,0,2,0
2020,22,17.675824175824175,17.664835164835164,9.274725274725276,0.8084065934065934,13.81868131868132,1011.2197802197802,13.285714285714286,23.571428571428573,6,0,0,0,0,0,1,0,0,0,0,0
2020,23,20.58695652173913,20.641304347826086,10.494565217391305,0.7810326086956522,16.141304347826086,1007.0652173913044,16.571428571428573,26.428571428571427,4,0,0,0,0,0,3,0,0,0,0,0
2020,24,24.292397660818715,24.81286549707602,8.274853801169591,0.7274269005847953,18.415204678362574,1008.7368421052631,19.428571428571427,30.285714285714285,5,0,0,0,0,0,2,0,0,0,0,0
2020,25,23.23699421965318,23.485549132947977,9.971098265895954,0.730693641618497,17.68208092485549,1005.3699421965318,18.428571428571427,28.714285714285715,6,0,0,0,0,0,1,0,0,0,0,0
2020,26,23.36842105263158,23.75263157894737,11.126315789473685,0.8040526315789475,19.231578947368423,1005.0842105263158,20.714285714285715,28.714285714285715,4,0,0,0,0,0,3,0,0,0,0,0
2020,27,22.788888888888888,23.233333333333334,11.172222222222222,0.8182777777777778,19.094444444444445,1004.1944444444445,19.0,27.142857142857142,4,0,0,0,0,0,3,0,0,0,0,0
2020,28,24.4375,25.34659090909091,9.477272727272727,0.7798863636363635,20.011363636363637,1003.5625,21.0,29.285714285714285,5,0,0,0,0,0,2,0,0,0,0,0
2020,29,22.74712643678161,23.344827586206897,11.017241379310345,0.8206321839080459,19.235632183908045,1005.8505747126437,19.714285714285715,26.714285714285715,3,0,0,0,0,0,3,0,0,0,1,0
2020,30,23.465,24.36,15.155,0.8767499999999999,21.115,1005.335,21.142857142857142,26.714285714285715,1,0,0,0,0,0,5,0,0,0,1,0
2020,31,24.74054054054054,26.08108108108108,8.118918918918919,0.914054054054054,23.10810810810811,1010.2702702702703,22.714285714285715,27.428571428571427,1,0,0,0,0,0,5,0,0,0,1,0
2020,32,25.266094420600858,27.051502145922747,15.128755364806867,0.9540772532188841,24.429184549356222,1006.7854077253219,23.142857142857142,27.857142857142858,0,0,0,0,0,0,5,0,0,0,2,0
2020,33,26.129464285714285,28.825892857142858,12.638392857142858,0.9498660714285715,25.209821428571427,1006.0446428571429,24.571428571428573,28.428571428571427,0,0,0,0,0,0,7,0,0,0,0,0
2020,34,26.398907103825138,29.098360655737704,9.371584699453551,0.8822404371584699,24.114754098360656,1012.0,23.571428571428573,30.714285714285715,5,0,0,0,0,0,1,0,0,0,1,0
2020,35,27.491891891891893,31.027027027027028,12.854054054054053,0.852,24.513513513513512,1004.627027027027,24.714285714285715,31.571428571428573,3,0,0,0,0,0,3,0,0,0,1,0
2020,36,24.629032258064516,25.978494623655912,13.333333333333334,0.8358602150537634,21.397849462365592,1007.3978494623656,21.142857142857142,28.571428571428573,3,0,0,0,0,0,4,0,0,0,0,0
2020,37,21.349726775956285,21.540983606557376,13.841530054644808,0.8568306010928961,18.62295081967213,1007.6284153005464,17.857142857142858,25.142857142857142,1,0,0,0,0,0,6,0,0,0,0,0
2020,38,21.36842105263158,21.46783625730994,8.602339181286549,0.7807017543859649,16.894736842105264,1012.5204678362574,17.142857142857142,26.0,3,0,0,0,0,0,4,0,0,0,0,0
2020,39,19.130177514792898,19.106508875739646,10.692307692307692,0.6805325443786983,12.47337278106509,1016.5266272189349,13.571428571428571,24.857142857142858,6,0,0,0,0,0,1,0,0,0,0,0
2020,40,19.035502958579883,19.035502958579883,7.905325443786983,0.7962130177514793,14.946745562130177,1014.1005917159763,14.857142857142858,24.285714285714285,4,0,0,0,0,0,3,0,0,0,0,0
2020,41,15.23076923076923,15.041420118343195,10.384615384615385,0.6359171597633136,7.579881656804734,1021.0532544378698,8.714285714285714,21.714285714285715,7,0,0,0,0,0,0,0,0,0,0,0
2020,42,12.764705882352942,12.535294117647059,7.729411764705882,0.6781764705882354,5.935294117647059,1021.2764705882353,6.428571428571429,19.0,6,0,0,0,0,0,1,0,0,0,0,0
2020,43,11.626436781609195,11.137931034482758,9.068965517241379,0.7158620689655173,5.712643678160919,1020.316091954023,6.285714285714286,18.428571428571427,6,0,0,0,0,0,1,0,0,0,0,0
2020,44,11.21301775147929,11.04733727810651,7.011834319526627,0.7111242603550296,4.911242603550296,1022.1597633136095,5.285714285714286,18.428571428571427,6,0,0,0,0,0,1,0,0,0,0,0
2020,45,10.022857142857143,9.12,10.377142857142857,0.6892,3.702857142857143,1021.6742857142857,4.714285714285714,14.428571428571429,5,0,0,0,0,0,2,0,0,0,0,0
2020,46,8.005813953488373,7.488372093023256,7.6395348837209305,0.6877325581395349,1.2034883720930232,1027.8662790697674,1.5714285714285714,14.857142857142858,7,0,0,0,0,0,0,0,0,0,0,0
2020,47,10.663316582914574,9.844221105527637,11.56281407035176,0.8155276381909548,7.366834170854271,1019.7336683417085,6.142857142857143,15.285714285714286,3,0,0,0,0,0,3,0,0,0,1,0
2020,48,3.036144578313253,0.9457831325301205,9.114457831325302,0.6579518072289157,-3.289156626506024,1026.8192771084337,-1.4285714285714286,7.571428571428571,6,0,0,0,0,0,1,0,0,0,0,0
2020,49,0.04790419161676647,-1.874251497005988,7.592814371257485,0.5751497005988023,-8.089820359281438,1031.4251497005987,-3.7142857142857144,5.0,7,0,0,0,0,0,0,0,0,0,0,0
2020,50,2.2126436781609193,0.6839080459770115,7.477011494252873,0.6587931034482758,-4.252873563218391,1024.557471264368,-3.0,7.285714285714286,5,0,0,0,0,0,1,1,0,0,0,0
2020,51,-4.657754010695188,-9.16042780748663,13.267379679144385,0.558716577540107,-12.941176470588236,1027.7433155080214,-10.428571428571429,-1.1428571428571428,5,0,0,0,0,0,0,1,1,0,0,0
2020,52,-0.5176470588235295,-2.5941176470588236,8.423529411764706,0.671235294117647,-6.564705882352941,1024.8176470588235,-5.0,5.571428571428571,7,0,0,0,0,0,0,0,0,0,0,0
2021,1,-2.6298342541436464,-6.0220994475138125,10.370165745856353,0.6322099447513813,-9.232044198895027,1024.1657458563536,-6.0,3.3333333333333335,2,0,0,0,0,0,1,0,0,0,0,0
2021,2,-9.115384615384615,-14.164835164835164,13.302197802197803,0.535,-17.54945054945055,1027.3021978021977,-14.428571428571429,-5.428571428571429,5,0,0,0,0,0,0,2,0,0,0,0
2021,3,-3.106145251396648,-6.005586592178771,9.59217877094972,0.6854189944134078,-8.675977653631286,1020.9162011173185,-7.142857142857143,2.5714285714285716,4,0,0,0,0,0,0,2,1,0,0,0
2021,4,-0.6096256684491979,-2.716577540106952,8.181818181818182,0.6537967914438503,-7.39572192513369,1024.2032085561498,-5.0,4.571428571428571,4,1,0,0,0,0,0,2,0,0,0,0
2021,5,0.580110497237569,-2.3977900552486187,11.552486187845304,0.6370165745856353,-6.281767955801105,1022.6961325966851,-4.571428571428571,6.285714285714286,3,0,0,0,0,0,1,3,0,0,0,0
2021,6,0.43548387096774194,-3.0376344086021505,12.46774193548387,0.6660752688172044,-5.645161290322581,1022.0752688172043,-4.142857142857143,5.142857142857143,4,0,0,0,0,0,1,2,0,0,0,0
2021,7,1.8076923076923077,-0.4175824175824176,9.703296703296703,0.6564285714285715,-5.010989010989011,1025.0934065934066,-2.6,5.2,5,0,0,0,0,0,0,0,0,0,0,0
2021,8,-0.40555555555555556,-4.305555555555555,14.805555555555555,0.5706111111111112,-8.661111111111111,1015.9333333333333,-6.0,3.3333333333333335,4,0,0,0,0,0,1,1,0,0,0,0
2021,9,4.541666666666667,2.5892857142857144,11.839285714285714,0.49875,-6.541666666666667,1021.2797619047619,-1.2857142857142858,10.0,7,0,0,0,0,0,0,0,0,0,0,0
2021,10,4.956521739130435,3.2065217391304346,9.603260869565217,0.7219565217391305,-0.30434782608695654,1023.070652173913,0.8571428571428571,10.142857142857142,5,0,0,0,0,0,1,0,1,0,0,0
2021,11,6.3812154696132595,5.6187845303867405,7.685082872928176,0.6690607734806631,-0.26519337016574585,1025.6022099447514,0.7142857142857143,13.714285714285714,5,0,0,0,0,0,2,0,0,0,0,0
2021,12,8.983957219251337,8.267379679144385,9.358288770053475,0.6523529411764706,1.8770053475935828,1017.1550802139037,4.571428571428571,15.0,4,0,0,0,0,0,3,0,0,0,0,0
2021,13,8.98870056497175,7.768361581920904,11.864406779661017,0.6629378531073447,2.2429378531073447,1018.1016949152543,4.285714285714286,14.857142857142858,6,0,0,0,0,0,1,0,0,0,0,0
2021,14,12.375,11.695652173913043,11.880434782608695,0.6322282608695652,3.597826086956522,1011.679347826087,8.142857142857142,18.142857142857142,4,0,0,0,0,0,3,0,0,0,0,0
2021,15,12.041176470588235,11.641176470588235,10.882352941176471,0.5275294117647059,1.5,1021.0705882352942,5.285714285714286,18.285714285714285,7,0,0,0,0,0,0,0,0,0,0,0
2021,16,10.905555555555555,10.38888888888889,12.53888888888889,0.6548888888888889,3.827777777777778,1017.8666666666667,6.428571428571429,16.285714285714285,5,0,0,0,0,0,2,0,0,0,0,0
2021,17,15.5,15.041666666666666,11.023809523809524,0.5232142857142857,4.654761904761905,1018.8214285714286,10.142857142857142,21.857142857142858,5,0,0,0,0,0,2,0,0,0,0,0
2021,18,13.747191011235955,13.573033707865168,11.382022471910112,0.6629213483146067,6.792134831460674,1012.5674157303371,9.571428571428571,18.428571428571427,3,0,0,0,0,0,4,0,0,0,0,0
2021,19,13.938888888888888,13.616666666666667,14.46111111111111,0.6452222222222223,6.461111111111111,1011.2055555555555,8.857142857142858,19.0,5,0,0,0,0,0,1,0,0,0,1,0
2021,20,18.90909090909091,18.772727272727273,10.221590909090908,0.6126136363636363,9.897727272727273,1010.4318181818181,14.428571428571429,24.857142857142858,4,0,0,0,0,0,3,0,0,0,0,0
2021,21,17.471502590673577,17.430051813471504,10.155440414507773,0.7895336787564766,13.191709844559586,1006.5129533678756,13.285714285714286,21.857142857142858,3,0,0,0,0,0,4,0,0,0,0,0
2021,22,16.657754010695186,16.609625668449198,13.219251336898395,0.7268449197860962,11.122994652406417,1005.5080213903743,13.0,21.714285714285715,1,0,0,0,0,0,5,0,0,0,1,0
2021,23,19.545454545454547,19.517045454545453,10.448863636363637,0.7313636363636363,14.028409090909092,1007.4829545454545,16.285714285714285,25.428571428571427,3,0,0,0,0,0,3,0,0,0,1,0
2021,24,22.429411764705883,22.611764705882354,9.705882352941176,0.7619411764705882,17.63529411764706,1011.4294117647058,19.142857142857142,28.0,5,0,0,0,0,0,2,0,0,0,0,0
2021,25,22.08,22.274285714285714,10.377142857142857,0.7636571428571428,17.354285714285716,1004.3885714285715,18.285714285714285,26.857142857142858,4,0,0,0,0,0,3,0,0,0,0,0
2021,26,22.83625730994152,23.01169590643275,9.286549707602338,0.7205263157894737,17.169590643274855,1007.514619883041,18.857142857142858,28.0,3,0,0,0,0,0,4,0,0,0,0,0
2021,27,24.704545454545453,25.375,9.977272727272727,0.7301704545454545,19.147727272727273,1006.2897727272727,21.285714285714285,29.857142857142858,2,0,0,0,0,0,4,0,0,0,1,0
2021,28,24.519774011299436,25.768361581920903,8.892655367231638,0.8154802259887006,20.937853107344633,1006.0451977401129,22.142857142857142,28.428571428571427,3,0,0,0,0,0,3,0,0,0,1,0
2021,29,27.662921348314608,30.5,9.47191011235955,0.7699438202247192,22.93820224719101,1011.4157303370787,23.857142857142858,32.57142857142857,4,0,0,0,0,0,2,0,0,0,1,0
2021,30,28.704545454545453,31.670454545454547,7.7272727272727275,0.7263636363636364,22.767045454545453,1011.1193181818181,24.285714285714285,34.42857142857143,4,0,0,0,0,0,0,0,0,0,3,0
2021,31,29.811764705882354,33.12352941176471,9.464705882352941,0.6638823529411765,22.45294117647059,1002.2823529411764,25.857142857142858,35.0,5,0,0,0,0,0,2,0,0,0,0,0
2021,32,27.593023255813954,30.1453488372093,8.470930232558139,0.7548837209302326,22.552325581395348,1004.3895348837209,24.142857142857142,32.0,6,0,0,0,0,0,1,0,0,0,0,0
2021,33,26.858823529411765,28.294117647058822,9.994117647058824,0.6910588235294118,20.311764705882354,1006.5,22.714285714285715,31.857142857142858,6,0,0,0,0,0,0,0,0,0,1,0
2021,34,25.046875,25.713541666666668,12.59375,0.7126562499999999,18.973958333333332,1009.6614583333334,20.857142857142858,30.142857142857142,1,0,0,0,0,0,4,0,0,0,2,0
2021,35,24.05294117647059,25.129411764705882,10.48235294117647,0.8395294117647059,21.064705882352943,1008.1823529411764,21.857142857142858,27.0,2,0,0,0,0,0,5,0,0,0,0,0
2021,36,22.844827586206897,23.155172413793103,8.413793103448276,0.7641379310344828,18.06896551724138,1012.4770114942529,19.428571428571427,27.0,4,0,0,0,0,0,3,0,0,0,0,0
2021,37,22.16304347826087,22.38586956521739,10.597826086956522,0.7755978260869566,17.625,1012.7282608695652,18.428571428571427,27.285714285714285,5,0,0,0,0,0,2,0,0,0,0,0
2021,38,23.50943396226415,23.62264150943396,10.924528301886792,0.6465408805031446,15.943396226415095,1013.7169811320755,18.0,29.142857142857142,7,0,0,0,0,0,0,0,0,0,0,0
2021,39,21.899441340782122,21.98324022346369,12.134078212290502,0.7246927374301676,16.312849162011172,1013.7821229050279,17.285714285714285,26.428571428571427,5,0,0,0,0,0,0,0,0,0,2,0
2021,40,20.762886597938145,20.77319587628866,9.65979381443299,0.7704639175257731,16.164948453608247,1012.2164948453608,17.571428571428573,25.428571428571427,3,1,0,0,0,0,2,0,0,0,1,0
2021,41,20.99418604651163,21.209302325581394,10.011627906976743,0.8240697674418606,17.691860465116278,1019.25,18.571428571428573,24.428571428571427,1,0,0,0,0,0,6,0,0,0,0,0
2021,42,17.38372093023256,17.203488372093023,11.505813953488373,0.7105813953488372,11.627906976744185,1021.0930232558139,13.285714285714286,21.285714285714285,5,0,0,0,0,0,2,0,0,0,0,0
2021,43,8.91812865497076,8.181286549707602,8.777777777777779,0.6457894736842106,1.6257309941520468,1023.2748538011696,3.857142857142857,15.142857142857142,6,0,0,0,0,0,1,0,0,0,0,0
2021,44,11.83529411764706,11.705882352941176,6.911764705882353,0.6993529411764706,5.6117647058823525,1022.9411764705883,6.714285714285714,18.857142857142858,7,0,0,0,0,0,0,0,0,0,0,0
2021,45,11.179347826086957,11.016304347826088,5.739130434782608,0.7930978260869566,7.108695652173913,1021.5760869565217,5.714285714285714,18.142857142857142,6,1,0,0,0,0,0,0,0,0,0,0
2021,46,7.0,5.636363636363637,11.022727272727273,0.7176136363636364,1.7556818181818181,1013.6363636363636,3.2857142857142856,11.285714285714286,4,0,0,0,0,0,2,0,1,0,0,0
2021,47,9.084269662921349,8.719101123595506,7.387640449438202,0.7646629213483147,4.573033707865169,1020.4831460674158,3.857142857142857,15.714285714285714,5,0,0,0,0,0,2,0,0,0,0,0
2021,48,3.7942857142857145,1.84,10.177142857142858,0.6632,-2.4457142857142857,1020.8114285714286,-2.0,8.428571428571429,6,0,0,0,0,0,1,0,0,0,0,0
2021,49,2.7848837209302326,0.3430232558139535,12.069767441860465,0.651046511627907,-3.8372093023255816,1022.1453488372093,-2.142857142857143,8.0,4,0,0,0,0,0,3,0,0,0,0,0
2021,50,4.005681818181818,3.1761363636363638,5.4772727272727275,0.7644886363636364,-0.35795454545454547,1028.3125,-0.7142857142857143,10.285714285714286,5,1,0,0,0,0,1,0,0,0,0,0
2021,51,0.5508021390374331,-2.8502673796791442,12.491978609625669,0.654385026737968,-5.93048128342246,1023.2887700534759,-3.857142857142857,5.142857142857143,4,1,0,0,0,0,1,1,0,0,0,0
2021,52,-0.34972677595628415,-3.3224043715846996,11.027322404371585,0.6660655737704918,-6.540983606557377,1022.2131147540983,-6.714285714285714,4.857142857142857,5,0,0,0,0,0,2,0,0,0,0,0
2022,1,-5.7023809523809526,-9.398809523809524,10.648809523809524,0.5692261904761905,-13.607142857142858,1028.797619047619,-9.6,-0.4,2,0,0,0,0,0,0,2,1,0,0,0
2022,2,-2.9302325581395348,-5.517441860465116,7.976744186046512,0.5959883720930232,-10.488372093023257,1027.343023255814,-8.857142857142858,2.857142857142857,6,0,0,0,0,0,0,1,0,0,0,0
2022,3,-4.1686046511627906,-7.22093023255814,9.459302325581396,0.5888953488372093,-11.75,1022.5930232558139,-9.0,0.5714285714285714,5,0,0,0,0,0,1,1,0,0,0,0
2022,4,-4.788043478260869,-7.798913043478261,8.978260869565217,0.6444565217391304,-11.206521739130435,1027.2010869565217,-10.142857142857142,1.2857142857142858,5,0,0,0,0,0,0,2,0,0,0,0
2022,5,-0.44642857142857145,-3.3214285714285716,9.976190476190476,0.5913095238095238,-8.166666666666666,1023.1547619047619,-6.428571428571429,5.0,5,0,0,0,0,0,2,0,0,0,0,0
2022,6,-4.078212290502793,-7.173184357541899,9.849162011173185,0.6262569832402234,-10.932960893854748,1025.3519553072626,-9.428571428571429,1.0,6,0,0,0,0,0,0,1,0,0,0,0
2022,7,-1.0584795321637428,-2.7953216374269005,7.491228070175438,0.6262573099415205,-8.56140350877193,1026.2631578947369,-6.428571428571429,5.857142857142857,7,0,0,0,0,0,0,0,0,0,0,0
2022,8,-2.56,-6.48,12.794285714285714,0.5556571428571428,-11.017142857142858,1024.297142857143,-7.571428571428571,2.5714285714285716,4,0,0,0,0,0,0,2,1,0,0,0
2022,9,-1.9415204678362572,-6.005847953216374,15.070175438596491,0.5492982456140352,-10.654970760233919,1027.748538011696,-7.285714285714286,4.142857142857143,5,0,0,0,0,0,1,1,0,0,0,0
2022,10,4.2176470588235295,2.070588235294118,12.788235294117648,0.5987058823529412,-3.9352941176470586,1016.9529411764706,-2.0,10.142857142857142,6,0,0,0,0,0,1,0,0,0,0,0
2022,11,5.5491329479768785,4.531791907514451,8.53757225433526,0.6453179190751445,-1.8381502890173411,1019.6416184971098,0.2857142857142857,13.0,6,0,0,0,0,0,1,0,0,0,0,0
2022,12,8.060109289617486,6.475409836065574,11.879781420765028,0.7700546448087431,3.8251366120218577,1012.9398907103825,3.5714285714285716,12.571428571428571,2,1,0,0,0,0,4,0,0,0,0,0
2022,13,7.53932584269663,6.353932584269663,11.106741573033707,0.6652247191011236,1.1348314606741574,1016.2415730337078,2.7142857142857144,12.428571428571429,5,0,0,0,0,0,2,0,0,0,0,0
2022,14,8.284023668639053,7.568047337278107,9.715976331360947,0.6063905325443787,-0.005917159763313609,1023.698224852071,1.8571428571428572,14.428571428571429,6,0,0,0,0,0,1,0,0,0,0,0
2022,15,10.8698224852071,10.414201183431953,10.538461538461538,0.5207100591715976,0.047337278106508875,1021.6686390532544,5.428571428571429,17.285714285714285,7,0,0,0,0,0,0,0,0,0,0,0
2022,16,14.630057803468208,14.473988439306359,12.878612716763005,0.6042774566473988,6.034682080924855,1015.2543352601156,9.142857142857142,20.0,5,0,0,0,0,0,2,0,0,0,0,0
2022,17,13.798816568047338,13.44378698224852,11.319526627218934,0.5907100591715976,4.591715976331361,1014.887573964497,8.142857142857142,20.714285714285715,6,0,0,0,0,0,1,0,0,0,0,0
2022,18,16.60233918128655,16.526315789473685,11.099415204678362,0.6183625730994152,8.181286549707602,1012.8654970760234,11.142857142857142,22.428571428571427,3,0,0,0,0,0,4,0,0,0,0,0
